screen_name,username,user_id,tweet_id,tweet_url,timestamp,timestamp_epochs,text,text_html,links,hashtags,has_media,img_urls,video_url,likes,retweets,replies,is_replied,is_reply_to,parent_tweet_id,reply_to_users
ranaayyub,Rana Ayyub,268676434,1247257912281456640,/RanaAyyub/status/1247257912281456640,2020-04-06 20:20:33,1586204433,"A young muslim man commits suicide after he is boycotted, a newborn dies after hospital refuses to accept a muslim patient, news channels talk of corona jihad by Muslims. Islamophobia taints India's response to the virus,  exposing a crisis of morality.https://www.washingtonpost.com/opinions/2020/04/06/islamophobia-taints-indias-response-coronavirus/#click=https://t.co/qfttAB3b6W¬†‚Ä¶","<p class=""TweetTextSize TweetTextSize--normal js-tweet-text tweet-text"" data-aria-label-part=""0"" lang=""en"">A young muslim man commits suicide after he is boycotted, a newborn dies after hospital refuses to accept a muslim patient, news channels talk of corona jihad by Muslims. Islamophobia taints India's response to the virus,  exposing a crisis of morality.<a class=""twitter-timeline-link u-hidden"" data-expanded-url=""https://www.washingtonpost.com/opinions/2020/04/06/islamophobia-taints-indias-response-coronavirus/#click=https://t.co/qfttAB3b6W"" dir=""ltr"" href=""https://t.co/NrtdzB3sYp"" rel=""nofollow noopener"" target=""_blank"" title=""https://www.washingtonpost.com/opinions/2020/04/06/islamophobia-taints-indias-response-coronavirus/#click=https://t.co/qfttAB3b6W""><span class=""tco-ellipsis""></span><span class=""invisible"">https://www.</span><span class=""js-display-url"">washingtonpost.com/opinions/2020/</span><span class=""invisible"">04/06/islamophobia-taints-indias-response-coronavirus/#click=https://t.co/qfttAB3b6W</span><span class=""tco-ellipsis""><span class=""invisible"">¬†</span>‚Ä¶</span></a></p>",['https://www.washingtonpost.com/opinions/2020/04/06/islamophobia-taints-indias-response-coronavirus/#click=https://t.co/qfttAB3b6W'],['click'],False,[],,17024,6986,3724,True,False,,[]
ranaayyub,Rana Ayyub,268676434,1255774895687991297,/RanaAyyub/status/1255774895687991297,2020-04-30 08:24:00,1588235040,I spoke to @brhodes on life in India under Covid and what it means to report in these circumstances.https://twitter.com/crookedmedia/status/1255497204577587202¬†‚Ä¶,"<p class=""TweetTextSize TweetTextSize--normal js-tweet-text tweet-text"" data-aria-label-part=""4"" lang=""en"">I spoke to <a class=""twitter-atreply pretty-link js-nav"" data-mentioned-user-id=""820354372827758592"" dir=""ltr"" href=""/brhodes""><s>@</s><b>brhodes</b></a> on life in India under Covid and what it means to report in these circumstances.<a class=""twitter-timeline-link u-hidden"" data-expanded-url=""https://twitter.com/crookedmedia/status/1255497204577587202"" dir=""ltr"" href=""https://t.co/qgwipBAWy4"" rel=""nofollow noopener"" target=""_blank"" title=""https://twitter.com/crookedmedia/status/1255497204577587202""><span class=""tco-ellipsis""></span><span class=""invisible"">https://</span><span class=""js-display-url"">twitter.com/crookedmedia/s</span><span class=""invisible"">tatus/1255497204577587202</span><span class=""tco-ellipsis""><span class=""invisible"">¬†</span>‚Ä¶</span></a></p>",['https://twitter.com/crookedmedia/status/1255497204577587202'],[],False,[],,119,16,8,True,False,,[]
ranaayyub,Rana Ayyub,268676434,1255734614846509057,/RanaAyyub/status/1255734614846509057,2020-04-30 05:43:57,1588225437,Bichde sabhi baari baari,"<p class=""TweetTextSize TweetTextSize--normal js-tweet-text tweet-text"" data-aria-label-part=""0"" lang=""hi"">Bichde sabhi baari baari</p>",[],[],False,[],,3486,185,90,True,False,,[]
ranaayyub,Rana Ayyub,268676434,1255718208679575558,/RanaAyyub/status/1255718208679575558,2020-04-30 04:38:45,1588221525,"I have the fondest memories of Rishi Kapoor, witty conversations, the most lively human I have met. You will be missed sir. This is devastating for each one of us.","<p class=""TweetTextSize TweetTextSize--normal js-tweet-text tweet-text"" data-aria-label-part=""0"" lang=""en"">I have the fondest memories of Rishi Kapoor, witty conversations, the most lively human I have met. You will be missed sir. This is devastating for each one of us.</p>",[],[],False,[],,4188,313,54,True,False,,[]
ranaayyub,Rana Ayyub,268676434,1255560029245181953,/RanaAyyub/status/1255560029245181953,2020-04-29 18:10:12,1588183812,"maut kƒÅ ek din muayyan hai , neend kyuun raat bhar nahƒ´√± aati","<p class=""TweetTextSize TweetTextSize--normal js-tweet-text tweet-text"" data-aria-label-part=""0"" lang=""fi"">maut kƒÅ ek din muayyan hai , neend kyuun raat bhar nahƒ´√± aati</p>",[],[],False,[],,16945,1447,930,True,False,,[]
ranaayyub,Rana Ayyub,268676434,1255485984214523904,/RanaAyyub/status/1255485984214523904,2020-04-29 13:15:59,1588166159,"I am content that today, yet again we managed to provide relief material to close to two thousand families in Dharavi, Mira Road and Bhiwandi. This tempo is my new favourite vehicle.  And we had close to ten volunteers today. Feeling contentpic.twitter.com/Vb1RzQ0Z0Z","<p class=""TweetTextSize TweetTextSize--normal js-tweet-text tweet-text"" data-aria-label-part=""0"" lang=""en"">I am content that today, yet again we managed to provide relief material to close to two thousand families in Dharavi, Mira Road and Bhiwandi. This tempo is my new favourite vehicle.  And we had close to ten volunteers today. Feeling content<a class=""twitter-timeline-link u-hidden"" data-pre-embedded=""true"" dir=""ltr"" href=""https://t.co/Vb1RzQ0Z0Z"">pic.twitter.com/Vb1RzQ0Z0Z</a></p>",[],[],True,['https://pbs.twimg.com/media/EWxh19jXkAAY-XG.jpg'],,9162,1364,414,True,False,,[]
ranaayyub,Rana Ayyub,268676434,1255432296867512327,/RanaAyyub/status/1255432296867512327,2020-04-29 09:42:39,1588153359,"Ek kami mehsoos ho rahi hai aaj. Ek khaalipan, jaise apni hasti ha koi hissa cheen liya gaya ho. Sab ek hi baat kar rahe hain, sab mayoos hain, kya aadmi tha. Salam Irrfan. Khuda tumhaari rooh ko sukoon ata farmaaye. Ameen.https://twitter.com/anubhavsinha/status/1255388090522271748¬†‚Ä¶","<p class=""TweetTextSize TweetTextSize--normal js-tweet-text tweet-text"" data-aria-label-part=""4"" lang=""hi"">Ek kami mehsoos ho rahi hai aaj. Ek khaalipan, jaise apni hasti ha koi hissa cheen liya gaya ho. Sab ek hi baat kar rahe hain, sab mayoos hain, kya aadmi tha. Salam Irrfan. Khuda tumhaari rooh ko sukoon ata farmaaye. Ameen.<a class=""twitter-timeline-link u-hidden"" data-expanded-url=""https://twitter.com/anubhavsinha/status/1255388090522271748"" dir=""ltr"" href=""https://t.co/Yd7yHVrZvu"" rel=""nofollow noopener"" target=""_blank"" title=""https://twitter.com/anubhavsinha/status/1255388090522271748""><span class=""tco-ellipsis""></span><span class=""invisible"">https://</span><span class=""js-display-url"">twitter.com/anubhavsinha/s</span><span class=""invisible"">tatus/1255388090522271748</span><span class=""tco-ellipsis""><span class=""invisible"">¬†</span>‚Ä¶</span></a></p>",['https://twitter.com/anubhavsinha/status/1255388090522271748'],[],False,[],,6241,675,180,True,False,,[]
ranaayyub,Rana Ayyub,268676434,1255392064646385664,/RanaAyyub/status/1255392064646385664,2020-04-29 07:02:46,1588143766,"Roohdar, Maqbool, Sajan Fernandez, Ashok Ganguly. Kya yaad rakhein, kis naam se yaad rakhein. Bas tum the...","<p class=""TweetTextSize TweetTextSize--normal js-tweet-text tweet-text"" data-aria-label-part=""0"" lang=""in"">Roohdar, Maqbool, Sajan Fernandez, Ashok Ganguly. Kya yaad rakhein, kis naam se yaad rakhein. Bas tum the...</p>",[],[],False,[],,10773,1108,146,True,False,,[]
ranaayyub,Rana Ayyub,268676434,1255388182738239491,/RanaAyyub/status/1255388182738239491,2020-04-29 06:47:21,1588142841,Cannot stand this year anymore,"<p class=""TweetTextSize TweetTextSize--normal js-tweet-text tweet-text"" data-aria-label-part=""0"" lang=""en"">Cannot stand this year anymore</p>",[],[],False,[],,6492,432,189,True,False,,[]
ranaayyub,Rana Ayyub,268676434,1255386285713342464,/RanaAyyub/status/1255386285713342464,2020-04-29 06:39:49,1588142389,"Inna lillahi wa inna alayhi rajeoon. Rest in Peace Irfan Khan. This is not sinking in. One of the nations finest artist, a talent with few parallels, a human being who left a mark on each one of us. His mom passed away on saturday. Tragic beyond words, I am just shattered.","<p class=""TweetTextSize TweetTextSize--normal js-tweet-text tweet-text"" data-aria-label-part=""0"" lang=""en"">Inna lillahi wa inna alayhi rajeoon. Rest in Peace Irfan Khan. This is not sinking in. One of the nations finest artist, a talent with few parallels, a human being who left a mark on each one of us. His mom passed away on saturday. Tragic beyond words, I am just shattered.</p>",[],[],False,[],,20660,2828,368,True,False,,[]
ranaayyub,Rana Ayyub,268676434,1255260401983467522,/RanaAyyub/status/1255260401983467522,2020-04-28 22:19:36,1588112376,Is insomnia in the air or is it just Ramzan ?,"<p class=""TweetTextSize TweetTextSize--normal js-tweet-text tweet-text"" data-aria-label-part=""0"" lang=""en"">Is insomnia in the air or is it just Ramzan ?</p>",[],[],False,[],,13156,837,769,True,False,,[]
ranaayyub,Rana Ayyub,268676434,1255241158588014592,/RanaAyyub/status/1255241158588014592,2020-04-28 21:03:08,1588107788,Ramzan thought in the time of COVID. ‚ÄòHe is not a Muslim whose stomach is full while his neighbour goes hungry.‚Äô Prophet Muhammad (PBUH),"<p class=""TweetTextSize TweetTextSize--normal js-tweet-text tweet-text"" data-aria-label-part=""0"" lang=""en"">Ramzan thought in the time of COVID. ‚ÄòHe is not a Muslim whose stomach is full while his neighbour goes hungry.‚Äô Prophet Muhammad (PBUH)</p>",[],[],False,[],,19862,3282,402,True,False,,[]
ranaayyub,Rana Ayyub,268676434,1255109813895340032,/RanaAyyub/status/1255109813895340032,2020-04-28 12:21:13,1588076473,"Am pleased to announce that we have taken care of 2500 families with relief materials and essentials till this evening. Between reporting and relief work, we are working almost eighteen hours a day with little sleep but this has been immensely satisfying. This is the beginningpic.twitter.com/OXx27B6ZQy","<p class=""TweetTextSize TweetTextSize--normal js-tweet-text tweet-text"" data-aria-label-part=""0"" lang=""en"">Am pleased to announce that we have taken care of 2500 families with relief materials and essentials till this evening. Between reporting and relief work, we are working almost eighteen hours a day with little sleep but this has been immensely satisfying. This is the beginning<a class=""twitter-timeline-link u-hidden"" data-pre-embedded=""true"" dir=""ltr"" href=""https://t.co/OXx27B6ZQy"">pic.twitter.com/OXx27B6ZQy</a></p>",[],[],True,"['https://pbs.twimg.com/media/EWsLs_hX0AEo62B.jpg', 'https://pbs.twimg.com/media/EWsLt6YXYAA1BOy.jpg']",,16544,2733,992,True,False,,[]
ranaayyub,Rana Ayyub,268676434,1255074995094634501,/RanaAyyub/status/1255074995094634501,2020-04-28 10:02:51,1588068171,Mission Journal: Journalists in India‚Äôs Uttar Pradesh say threat of attack or prosecution looms large writes @KunalMajumder @CPJAsiahttps://cpj.org/blog/2020/04/journalists-in-indias-uttar-pradesh-say-threat-of-.php¬†‚Ä¶,"<p class=""TweetTextSize TweetTextSize--normal js-tweet-text tweet-text"" data-aria-label-part=""0"" lang=""en"">Mission Journal: Journalists in India‚Äôs Uttar Pradesh say threat of attack or prosecution looms large writes <a class=""twitter-atreply pretty-link js-nav"" data-mentioned-user-id=""17983583"" dir=""ltr"" href=""/KunalMajumder""><s>@</s><b>KunalMajumder</b></a> <a class=""twitter-atreply pretty-link js-nav"" data-mentioned-user-id=""202344231"" dir=""ltr"" href=""/CPJAsia""><s>@</s><b>CPJAsia</b></a><a class=""twitter-timeline-link u-hidden"" data-expanded-url=""https://cpj.org/blog/2020/04/journalists-in-indias-uttar-pradesh-say-threat-of-.php"" dir=""ltr"" href=""https://t.co/JyyPnBKNUV"" rel=""nofollow noopener"" target=""_blank"" title=""https://cpj.org/blog/2020/04/journalists-in-indias-uttar-pradesh-say-threat-of-.php""><span class=""tco-ellipsis""></span><span class=""invisible"">https://</span><span class=""js-display-url"">cpj.org/blog/2020/04/j</span><span class=""invisible"">ournalists-in-indias-uttar-pradesh-say-threat-of-.php</span><span class=""tco-ellipsis""><span class=""invisible"">¬†</span>‚Ä¶</span></a></p>",['https://cpj.org/blog/2020/04/journalists-in-indias-uttar-pradesh-say-threat-of-.php'],[],False,[],,1036,215,64,True,False,,[]
ranaayyub,Rana Ayyub,268676434,1255051681756336129,/RanaAyyub/status/1255051681756336129,2020-04-28 08:30:13,1588062613,"So a family in Dharavi has two positive cases, the mother has been admitted to sion hospital and BMC has not done anything to put either the family or the building in quarantine. The apathy towards Dharavi will not just take lives but also cost the entire city","<p class=""TweetTextSize TweetTextSize--normal js-tweet-text tweet-text"" data-aria-label-part=""0"" lang=""en"">So a family in Dharavi has two positive cases, the mother has been admitted to sion hospital and BMC has not done anything to put either the family or the building in quarantine. The apathy towards Dharavi will not just take lives but also cost the entire city</p>",[],[],False,[],,6063,1106,201,True,False,,[]
ranaayyub,Rana Ayyub,268676434,1254976597540700161,/RanaAyyub/status/1254976597540700161,2020-04-28 03:31:51,1588044711,Just sayinhttps://twitter.com/TOIIndiaNews/status/1254792622113054720¬†‚Ä¶,"<p class=""TweetTextSize TweetTextSize--normal js-tweet-text tweet-text"" data-aria-label-part=""4"" lang=""en"">Just sayin<a class=""twitter-timeline-link u-hidden"" data-expanded-url=""https://twitter.com/TOIIndiaNews/status/1254792622113054720"" dir=""ltr"" href=""https://t.co/PQsjplWu4T"" rel=""nofollow noopener"" target=""_blank"" title=""https://twitter.com/TOIIndiaNews/status/1254792622113054720""><span class=""tco-ellipsis""></span><span class=""invisible"">https://</span><span class=""js-display-url"">twitter.com/TOIIndiaNews/s</span><span class=""invisible"">tatus/1254792622113054720</span><span class=""tco-ellipsis""><span class=""invisible"">¬†</span>‚Ä¶</span></a></p>",['https://twitter.com/TOIIndiaNews/status/1254792622113054720'],[],False,[],,9049,1309,1182,True,False,,[]
ranaayyub,Rana Ayyub,268676434,1254962968502120448,/RanaAyyub/status/1254962968502120448,2020-04-28 02:37:42,1588041462,https://twitter.com/IndianExpress/status/1254914473053130754¬†‚Ä¶,"<p class=""TweetTextSize TweetTextSize--normal js-tweet-text tweet-text"" data-aria-label-part=""4"" lang=""und""><img alt=""üëá"" aria-label=""Emoji: Down pointing backhand index"" class=""Emoji Emoji--forText"" draggable=""false"" src=""https://abs.twimg.com/emoji/v2/72x72/1f447.png"" title=""Down pointing backhand index""/><a class=""twitter-timeline-link u-hidden"" data-expanded-url=""https://twitter.com/IndianExpress/status/1254914473053130754"" dir=""ltr"" href=""https://t.co/4Iuq70ehzg"" rel=""nofollow noopener"" target=""_blank"" title=""https://twitter.com/IndianExpress/status/1254914473053130754""><span class=""tco-ellipsis""></span><span class=""invisible"">https://</span><span class=""js-display-url"">twitter.com/IndianExpress/</span><span class=""invisible"">status/1254914473053130754</span><span class=""tco-ellipsis""><span class=""invisible"">¬†</span>‚Ä¶</span></a></p>",['https://twitter.com/IndianExpress/status/1254914473053130754'],[],False,[],,1791,493,370,True,False,,[]
ranaayyub,Rana Ayyub,268676434,1254942445315317760,/RanaAyyub/status/1254942445315317760,2020-04-28 01:16:09,1588036569,Thank you for your prompt offer to help. You guys are https://twitter.com/RanaAyyub/status/1254918518644117506¬†‚Ä¶,"<p class=""TweetTextSize TweetTextSize--normal js-tweet-text tweet-text"" data-aria-label-part=""4"" lang=""en"">Thank you for your prompt offer to help. You guys are <img alt=""‚ô•Ô∏è"" aria-label=""Emoji: Heart suit"" class=""Emoji Emoji--forText"" draggable=""false"" src=""https://abs.twimg.com/emoji/v2/72x72/2665.png"" title=""Heart suit""/><a class=""twitter-timeline-link u-hidden"" data-expanded-url=""https://twitter.com/RanaAyyub/status/1254918518644117506"" dir=""ltr"" href=""https://t.co/am8E2EkB4n"" rel=""nofollow noopener"" target=""_blank"" title=""https://twitter.com/RanaAyyub/status/1254918518644117506""><span class=""tco-ellipsis""></span><span class=""invisible"">https://</span><span class=""js-display-url"">twitter.com/RanaAyyub/stat</span><span class=""invisible"">us/1254918518644117506</span><span class=""tco-ellipsis""><span class=""invisible"">¬†</span>‚Ä¶</span></a></p>",['https://twitter.com/RanaAyyub/status/1254918518644117506'],[],False,[],,1495,113,57,True,False,,[]
ranaayyub,Rana Ayyub,268676434,1254918518644117506,/RanaAyyub/status/1254918518644117506,2020-04-27 23:41:04,1588030864,"Anybody in Bombay with a car, van who can take us around. We are running short of hands for relief work. You will be reimbursed all the costs involved. Pls ping me","<p class=""TweetTextSize TweetTextSize--normal js-tweet-text tweet-text"" data-aria-label-part=""0"" lang=""en"">Anybody in Bombay with a car, van who can take us around. We are running short of hands for relief work. You will be reimbursed all the costs involved. Pls ping me</p>",[],[],False,[],,11294,1897,534,True,False,,[]
ranaayyub,Rana Ayyub,268676434,1254917675672895489,/RanaAyyub/status/1254917675672895489,2020-04-27 23:37:43,1588030663,Four down. May it be easy on us. #Ramadan,"<p class=""TweetTextSize TweetTextSize--normal js-tweet-text tweet-text"" data-aria-label-part=""0"" lang=""en"">Four down. May it be easy on us. <span class=""twitter-hashflag-container""><a class=""twitter-hashtag pretty-link js-nav"" data-query-source=""hashtag_click"" dir=""ltr"" href=""/hashtag/Ramadan?src=hash""><s>#</s><b>Ramadan</b></a><a dir=""ltr"" href=""/hashtag/Ramadan?src=hash""><img alt="""" class=""twitter-hashflag"" draggable=""false"" src=""https://abs.twimg.com/hashflags/Ramadan_2020_Moon/Ramadan_2020_Moon.png""/></a></span></p>",[],['Ramadan'],False,[],,6681,367,280,True,False,,[]
ranaayyub,Rana Ayyub,268676434,1254784921576411136,/RanaAyyub/status/1254784921576411136,2020-04-27 14:50:12,1587999012,"Dharavi reports 15 new cases, total cases are 280. Health officials tell me that the numbers could be three times higher. The slum have a population of one million. BMC workers are not helping with sanitation and cleanliness. Desperate need for helping hands","<p class=""TweetTextSize TweetTextSize--normal js-tweet-text tweet-text"" data-aria-label-part=""0"" lang=""en"">Dharavi reports 15 new cases, total cases are 280. Health officials tell me that the numbers could be three times higher. The slum have a population of one million. BMC workers are not helping with sanitation and cleanliness. Desperate need for helping hands</p>",[],[],False,[],,3170,628,86,True,False,,[]
ranaayyub,Rana Ayyub,268676434,1254730301189828609,/RanaAyyub/status/1254730301189828609,2020-04-27 11:13:10,1587985990,"Our consignment of dal, rice, oil, sugar and atta has just left.pic.twitter.com/QZpKX9SOuJ","<p class=""TweetTextSize TweetTextSize--normal js-tweet-text tweet-text"" data-aria-label-part=""0"" lang=""en"">Our consignment of dal, rice, oil, sugar and atta has just left.<a class=""twitter-timeline-link u-hidden"" data-pre-embedded=""true"" dir=""ltr"" href=""https://t.co/QZpKX9SOuJ"">pic.twitter.com/QZpKX9SOuJ</a></p>",[],[],True,"['https://pbs.twimg.com/media/EWmxJPtXQAEEsip.jpg', 'https://pbs.twimg.com/media/EWmyiLDWAAIZBiM.jpg']",,46516,5771,3916,True,False,,[]
ranaayyub,Rana Ayyub,268676434,1254772155834699779,/RanaAyyub/status/1254772155834699779,2020-04-27 13:59:29,1587995969,"Sir, I said that about my personal charity. This is public money. Don't expect you to understand but give it a tryhttps://twitter.com/MehtaChanakya/status/1254768451878449155¬†‚Ä¶","<p class=""TweetTextSize TweetTextSize--normal js-tweet-text tweet-text"" data-aria-label-part=""4"" lang=""en"">Sir, I said that about my personal charity. This is public money. Don't expect you to understand but give it a try<a class=""twitter-timeline-link u-hidden"" data-expanded-url=""https://twitter.com/MehtaChanakya/status/1254768451878449155"" dir=""ltr"" href=""https://t.co/Km6DMpEhAk"" rel=""nofollow noopener"" target=""_blank"" title=""https://twitter.com/MehtaChanakya/status/1254768451878449155""><span class=""tco-ellipsis""></span><span class=""invisible"">https://</span><span class=""js-display-url"">twitter.com/MehtaChanakya/</span><span class=""invisible"">status/1254768451878449155</span><span class=""tco-ellipsis""><span class=""invisible"">¬†</span>‚Ä¶</span></a></p>",['https://twitter.com/MehtaChanakya/status/1254768451878449155'],[],False,[],,5535,693,237,True,False,,[]
ranaayyub,Rana Ayyub,268676434,1254767459795472396,/RanaAyyub/status/1254767459795472396,2020-04-27 13:40:49,1587994849,"You write about relief drive. Bhakts ask proof. You post pictures, bhakts be like, stop flaunting . Sorry, am not engaging with desktop warriors","<p class=""TweetTextSize TweetTextSize--normal js-tweet-text tweet-text"" data-aria-label-part=""0"" lang=""en"">You write about relief drive. Bhakts ask proof. You post pictures, bhakts be like, stop flaunting . Sorry, am not engaging with desktop warriors</p>",[],[],False,[],,11312,1385,563,True,False,,[]
ranaayyub,Rana Ayyub,268676434,1254757237265960960,/RanaAyyub/status/1254757237265960960,2020-04-27 13:00:12,1587992412,Relief material for Bhiwandi being brought inpic.twitter.com/4dJzNytw6R,"<p class=""TweetTextSize TweetTextSize--normal js-tweet-text tweet-text"" data-aria-label-part=""0"" lang=""en"">Relief material for Bhiwandi being brought in<a class=""twitter-timeline-link u-hidden"" data-pre-embedded=""true"" dir=""ltr"" href=""https://t.co/4dJzNytw6R"">pic.twitter.com/4dJzNytw6R</a></p>",[],[],True,['https://pbs.twimg.com/media/EWnLCrKXkAAkBqU.jpg'],,13929,1534,817,True,False,,[]
ranaayyub,Rana Ayyub,268676434,1254736254756777984,/RanaAyyub/status/1254736254756777984,2020-04-27 11:36:49,1587987409,"I am  fasting for Ramzan while two other volunteers, young students are braving the risks, travelling to Dharavi, Malad and other areas on the outskirts of Mumbai.  We will start with the villages this week. We need your help. Here is the link to donate
https://www.ketto.org/fundraiser/help-me-in-distributing-funds-to-the-slums?payment=form¬†‚Ä¶https://twitter.com/RanaAyyub/status/1254730301189828609¬†‚Ä¶","<p class=""TweetTextSize TweetTextSize--normal js-tweet-text tweet-text"" data-aria-label-part=""4"" lang=""en"">I am  fasting for Ramzan while two other volunteers, young students are braving the risks, travelling to Dharavi, Malad and other areas on the outskirts of Mumbai.  We will start with the villages this week. We need your help. Here is the link to donate
<a class=""twitter-timeline-link"" data-expanded-url=""https://www.ketto.org/fundraiser/help-me-in-distributing-funds-to-the-slums?payment=form"" dir=""ltr"" href=""https://t.co/Zq4UIkapm0"" rel=""nofollow noopener"" target=""_blank"" title=""https://www.ketto.org/fundraiser/help-me-in-distributing-funds-to-the-slums?payment=form""><span class=""tco-ellipsis""></span><span class=""invisible"">https://www.</span><span class=""js-display-url"">ketto.org/fundraiser/hel</span><span class=""invisible"">p-me-in-distributing-funds-to-the-slums?payment=form</span><span class=""tco-ellipsis""><span class=""invisible"">¬†</span>‚Ä¶</span></a><a class=""twitter-timeline-link u-hidden"" data-expanded-url=""https://twitter.com/RanaAyyub/status/1254730301189828609"" dir=""ltr"" href=""https://t.co/8Yrov1hAxr"" rel=""nofollow noopener"" target=""_blank"" title=""https://twitter.com/RanaAyyub/status/1254730301189828609""><span class=""tco-ellipsis""></span><span class=""invisible"">https://</span><span class=""js-display-url"">twitter.com/RanaAyyub/stat</span><span class=""invisible"">us/1254730301189828609</span><span class=""tco-ellipsis""><span class=""invisible"">¬†</span>‚Ä¶</span></a></p>","['https://www.ketto.org/fundraiser/help-me-in-distributing-funds-to-the-slums?payment=form', 'https://twitter.com/RanaAyyub/status/1254730301189828609']",[],False,[],,8860,1878,502,True,False,,[]
ranaayyub,Rana Ayyub,268676434,1254730301189828609,/RanaAyyub/status/1254730301189828609,2020-04-27 11:13:10,1587985990,"Our consignment of dal, rice, oil, sugar and atta has just left.pic.twitter.com/QZpKX9SOuJ","<p class=""TweetTextSize TweetTextSize--normal js-tweet-text tweet-text"" data-aria-label-part=""0"" lang=""en"">Our consignment of dal, rice, oil, sugar and atta has just left.<a class=""twitter-timeline-link u-hidden"" data-pre-embedded=""true"" dir=""ltr"" href=""https://t.co/QZpKX9SOuJ"">pic.twitter.com/QZpKX9SOuJ</a></p>",[],[],True,"['https://pbs.twimg.com/media/EWmxJPtXQAEEsip.jpg', 'https://pbs.twimg.com/media/EWmyiLDWAAIZBiM.jpg']",,46516,5771,3916,True,False,,[]
ranaayyub,Rana Ayyub,268676434,1254720152756723712,/RanaAyyub/status/1254720152756723712,2020-04-27 10:32:50,1587983570,The travesty. Gujaratpic.twitter.com/dO8GuTktyu,"<p class=""TweetTextSize TweetTextSize--normal js-tweet-text tweet-text"" data-aria-label-part=""0"" lang=""en"">The travesty. Gujarat<a class=""twitter-timeline-link u-hidden"" data-pre-embedded=""true"" dir=""ltr"" href=""https://t.co/dO8GuTktyu"">pic.twitter.com/dO8GuTktyu</a></p>",[],[],True,['https://pbs.twimg.com/media/EWmpUcgXkAEmP3N.jpg'],,3432,1029,180,True,False,,[]
ranaayyub,Rana Ayyub,268676434,1254156540954783745,/RanaAyyub/status/1254156540954783745,2020-04-25 21:13:15,1587849195,A man is not a believer who fills his stomach while his neighbour is hungry:  Prophet Muhammad (S.A.W). Second Sehri of Ramzan,"<p class=""TweetTextSize TweetTextSize--normal js-tweet-text tweet-text"" data-aria-label-part=""0"" lang=""en"">A man is not a believer who fills his stomach while his neighbour is hungry:  Prophet Muhammad (S.A.W). Second Sehri of Ramzan</p>",[],[],False,[],,26258,4481,733,True,False,,[]
ranaayyub,Rana Ayyub,268676434,1254711064492675072,/RanaAyyub/status/1254711064492675072,2020-04-27 09:56:43,1587981403,"We are in Palghar and Thane today. Tomorrow we will be at Mumbra and Mira Road where we have identified migrants and workers. If you know anyone in these areas who needs help, pls let us know. A shout out to @ketto for being a great platform and to all of you for the donations.","<p class=""TweetTextSize TweetTextSize--normal js-tweet-text tweet-text"" data-aria-label-part=""0"" lang=""en"">We are in Palghar and Thane today. Tomorrow we will be at Mumbra and Mira Road where we have identified migrants and workers. If you know anyone in these areas who needs help, pls let us know. A shout out to <a class=""twitter-atreply pretty-link js-nav"" data-mentioned-user-id=""549243040"" dir=""ltr"" href=""/ketto""><s>@</s><b>ketto</b></a> for being a great platform and to all of you for the donations.</p>",[],[],False,[],,4191,742,172,True,False,,[]
ranaayyub,Rana Ayyub,268676434,1254701191184998401,/RanaAyyub/status/1254701191184998401,2020-04-27 09:17:29,1587979049,We need your support good peoplehttps://twitter.com/PritishNandy/status/1254280387582472194¬†‚Ä¶,"<p class=""TweetTextSize TweetTextSize--normal js-tweet-text tweet-text"" data-aria-label-part=""4"" lang=""en"">We need your support good people<a class=""twitter-timeline-link u-hidden"" data-expanded-url=""https://twitter.com/PritishNandy/status/1254280387582472194"" dir=""ltr"" href=""https://t.co/QYAOiPolij"" rel=""nofollow noopener"" target=""_blank"" title=""https://twitter.com/PritishNandy/status/1254280387582472194""><span class=""tco-ellipsis""></span><span class=""invisible"">https://</span><span class=""js-display-url"">twitter.com/PritishNandy/s</span><span class=""invisible"">tatus/1254280387582472194</span><span class=""tco-ellipsis""><span class=""invisible"">¬†</span>‚Ä¶</span></a></p>",['https://twitter.com/PritishNandy/status/1254280387582472194'],[],False,[],,1276,218,63,True,False,,[]
ranaayyub,Rana Ayyub,268676434,1254535752962248704,/RanaAyyub/status/1254535752962248704,2020-04-26 22:20:06,1587939606,"An¬†unusually high number of New Yorkers contacted city health authorities over fears that they had ingested bleach or other household cleaners in the 18 hours that followed¬†President Trump‚Äôs bogus claim¬†that injecting such products could cure coronavirus,¬†https://www.nydailynews.com/coronavirus/ny-coronavirus-new-yorkers-household-cleaners-trump-20200425-rnaqio5dyfeaxmthxx2vktqa5m-story.html?outputType=amp&__twitter_impression=true¬†‚Ä¶","<p class=""TweetTextSize TweetTextSize--normal js-tweet-text tweet-text"" data-aria-label-part=""0"" lang=""en"">An¬†unusually high number of New Yorkers contacted city health authorities over fears that they had ingested bleach or other household cleaners in the 18 hours that followed¬†President Trump‚Äôs bogus claim¬†that injecting such products could cure coronavirus,¬†<a class=""twitter-timeline-link u-hidden"" data-expanded-url=""https://www.nydailynews.com/coronavirus/ny-coronavirus-new-yorkers-household-cleaners-trump-20200425-rnaqio5dyfeaxmthxx2vktqa5m-story.html?outputType=amp&amp;__twitter_impression=true"" dir=""ltr"" href=""https://t.co/CKxcTgtgfQ"" rel=""nofollow noopener"" target=""_blank"" title=""https://www.nydailynews.com/coronavirus/ny-coronavirus-new-yorkers-household-cleaners-trump-20200425-rnaqio5dyfeaxmthxx2vktqa5m-story.html?outputType=amp&amp;__twitter_impression=true""><span class=""tco-ellipsis""></span><span class=""invisible"">https://www.</span><span class=""js-display-url"">nydailynews.com/coronavirus/ny</span><span class=""invisible"">-coronavirus-new-yorkers-household-cleaners-trump-20200425-rnaqio5dyfeaxmthxx2vktqa5m-story.html?outputType=amp&amp;__twitter_impression=true</span><span class=""tco-ellipsis""><span class=""invisible"">¬†</span>‚Ä¶</span></a></p>",['https://www.nydailynews.com/coronavirus/ny-coronavirus-new-yorkers-household-cleaners-trump-20200425-rnaqio5dyfeaxmthxx2vktqa5m-story.html?outputType=amp&__twitter_impression=true'],[],False,[],,1507,377,113,True,False,,[]
ranaayyub,Rana Ayyub,268676434,1254520763593494528,/RanaAyyub/status/1254520763593494528,2020-04-26 21:20:32,1587936032,Sehri. Day 3,"<p class=""TweetTextSize TweetTextSize--normal js-tweet-text tweet-text"" data-aria-label-part=""0"" lang=""in"">Sehri. Day 3</p>",[],[],False,[],,5399,240,245,True,False,,[]
ranaayyub,Rana Ayyub,268676434,1254494138210238469,/RanaAyyub/status/1254494138210238469,2020-04-26 19:34:44,1587929684,Bull Shttps://twitter.com/PTI_News/status/1254459512389394432¬†‚Ä¶,"<p class=""TweetTextSize TweetTextSize--normal js-tweet-text tweet-text"" data-aria-label-part=""4"" lang=""en"">Bull S<a class=""twitter-timeline-link u-hidden"" data-expanded-url=""https://twitter.com/PTI_News/status/1254459512389394432"" dir=""ltr"" href=""https://t.co/7FrkdedY37"" rel=""nofollow noopener"" target=""_blank"" title=""https://twitter.com/PTI_News/status/1254459512389394432""><span class=""tco-ellipsis""></span><span class=""invisible"">https://</span><span class=""js-display-url"">twitter.com/PTI_News/statu</span><span class=""invisible"">s/1254459512389394432</span><span class=""tco-ellipsis""><span class=""invisible"">¬†</span>‚Ä¶</span></a></p>",['https://twitter.com/PTI_News/status/1254459512389394432'],[],False,[],,2031,328,189,True,False,,[]
ranaayyub,Rana Ayyub,268676434,1254479237718958086,/RanaAyyub/status/1254479237718958086,2020-04-26 18:35:32,1587926132,Thoughts with our health care workershttps://twitter.com/ndtv/status/1254475018894848000¬†‚Ä¶,"<p class=""TweetTextSize TweetTextSize--normal js-tweet-text tweet-text"" data-aria-label-part=""4"" lang=""en"">Thoughts with our health care workers<a class=""twitter-timeline-link u-hidden"" data-expanded-url=""https://twitter.com/ndtv/status/1254475018894848000"" dir=""ltr"" href=""https://t.co/5PEGsMCzvI"" rel=""nofollow noopener"" target=""_blank"" title=""https://twitter.com/ndtv/status/1254475018894848000""><span class=""tco-ellipsis""></span><span class=""invisible"">https://</span><span class=""js-display-url"">twitter.com/ndtv/status/12</span><span class=""invisible"">54475018894848000</span><span class=""tco-ellipsis""><span class=""invisible"">¬†</span>‚Ä¶</span></a></p>",['https://twitter.com/ndtv/status/1254475018894848000'],[],False,[],,1164,173,103,True,False,,[]
ranaayyub,Rana Ayyub,268676434,1254431832625614848,/RanaAyyub/status/1254431832625614848,2020-04-26 15:27:09,1587914829,Thank you Andrewhttps://twitter.com/AndrewBuncombe/status/1254422516308664320¬†‚Ä¶,"<p class=""TweetTextSize TweetTextSize--normal js-tweet-text tweet-text"" data-aria-label-part=""4"" lang=""en"">Thank you Andrew<img alt=""üôè"" aria-label=""Emoji: Folded hands"" class=""Emoji Emoji--forText"" draggable=""false"" src=""https://abs.twimg.com/emoji/v2/72x72/1f64f.png"" title=""Folded hands""/><a class=""twitter-timeline-link u-hidden"" data-expanded-url=""https://twitter.com/AndrewBuncombe/status/1254422516308664320"" dir=""ltr"" href=""https://t.co/gk9nIA5Q6T"" rel=""nofollow noopener"" target=""_blank"" title=""https://twitter.com/AndrewBuncombe/status/1254422516308664320""><span class=""tco-ellipsis""></span><span class=""invisible"">https://</span><span class=""js-display-url"">twitter.com/AndrewBuncombe</span><span class=""invisible"">/status/1254422516308664320</span><span class=""tco-ellipsis""><span class=""invisible"">¬†</span>‚Ä¶</span></a></p>",['https://twitter.com/AndrewBuncombe/status/1254422516308664320'],[],False,[],,3703,333,114,True,False,,[]
ranaayyub,Rana Ayyub,268676434,1254386650937020416,/RanaAyyub/status/1254386650937020416,2020-04-26 12:27:37,1587904057,This image by @ahmermkhan #RamadanMubarakpic.twitter.com/h8iA437WJd,"<p class=""TweetTextSize TweetTextSize--normal js-tweet-text tweet-text"" data-aria-label-part=""0"" lang=""en"">This image by <a class=""twitter-atreply pretty-link js-nav"" data-mentioned-user-id=""198017141"" dir=""ltr"" href=""/ahmermkhan""><s>@</s><b>ahmermkhan</b></a> <span class=""twitter-hashflag-container""><a class=""twitter-hashtag pretty-link js-nav"" data-query-source=""hashtag_click"" dir=""ltr"" href=""/hashtag/RamadanMubarak?src=hash""><s>#</s><b>RamadanMubarak</b></a><a dir=""ltr"" href=""/hashtag/RamadanMubarak?src=hash""><img alt="""" class=""twitter-hashflag"" draggable=""false"" src=""https://abs.twimg.com/hashflags/Ramadan_2020_Moon/Ramadan_2020_Moon.png""/></a></span><a class=""twitter-timeline-link u-hidden"" data-pre-embedded=""true"" dir=""ltr"" href=""https://t.co/h8iA437WJd"">pic.twitter.com/h8iA437WJd</a></p>",[],['RamadanMubarakpic'],True,['https://pbs.twimg.com/media/EWh6ArUXQAAJ4Jl.jpg'],,7610,653,189,True,False,,[]
ranaayyub,Rana Ayyub,268676434,1254386261932027904,/RanaAyyub/status/1254386261932027904,2020-04-26 12:26:04,1587903964,"Also, this Surf Excel Ramzan advert is important for India, an antidote to the divisiveness and hate around us https://youtu.be/LDhUPMk7pdM¬†","<p class=""TweetTextSize TweetTextSize--normal js-tweet-text tweet-text"" data-aria-label-part=""0"" lang=""en"">Also, this Surf Excel Ramzan advert is important for India, an antidote to the divisiveness and hate around us <img alt=""‚ô•Ô∏è"" aria-label=""Emoji: Heart suit"" class=""Emoji Emoji--forText"" draggable=""false"" src=""https://abs.twimg.com/emoji/v2/72x72/2665.png"" title=""Heart suit""/><a class=""twitter-timeline-link u-hidden"" data-expanded-url=""https://youtu.be/LDhUPMk7pdM"" dir=""ltr"" href=""https://t.co/kpXTEHtGFi"" rel=""nofollow noopener"" target=""_blank"" title=""https://youtu.be/LDhUPMk7pdM""><span class=""tco-ellipsis""></span><span class=""invisible"">https://</span><span class=""js-display-url"">youtu.be/LDhUPMk7pdM</span><span class=""invisible""></span><span class=""tco-ellipsis""><span class=""invisible"">¬†</span></span></a></p>",['https://youtu.be/LDhUPMk7pdM'],[],False,[],,1172,186,86,True,False,,[]
ranaayyub,Rana Ayyub,268676434,1254381221892755456,/RanaAyyub/status/1254381221892755456,2020-04-26 12:06:03,1587902763,"Just wanted to check. Are there any helplines where those suffering from mental health issues this lockdown can reach out to? Anxiety, depression on the rise. Happy to amplify any such initiatives. I fortunately have a great therapist who has been helping with my anxiety issues.","<p class=""TweetTextSize TweetTextSize--normal js-tweet-text tweet-text"" data-aria-label-part=""0"" lang=""en"">Just wanted to check. Are there any helplines where those suffering from mental health issues this lockdown can reach out to? Anxiety, depression on the rise. Happy to amplify any such initiatives. I fortunately have a great therapist who has been helping with my anxiety issues.</p>",[],[],False,[],,3622,449,449,True,False,,[]
ranaayyub,Rana Ayyub,268676434,1254342708493086720,/RanaAyyub/status/1254342708493086720,2020-04-26 09:33:00,1587893580,This Surf Excel advert of charity and good deeds in Ramzan at the time of Covid brought tears to my eyes. Watch ithttps://youtu.be/SK0aFhkyka8¬†,"<p class=""TweetTextSize TweetTextSize--normal js-tweet-text tweet-text"" data-aria-label-part=""0"" lang=""en"">This Surf Excel advert of charity and good deeds in Ramzan at the time of Covid brought tears to my eyes. Watch it<a class=""twitter-timeline-link u-hidden"" data-expanded-url=""https://youtu.be/SK0aFhkyka8"" dir=""ltr"" href=""https://t.co/j6IoMsQY1N"" rel=""nofollow noopener"" target=""_blank"" title=""https://youtu.be/SK0aFhkyka8""><span class=""tco-ellipsis""></span><span class=""invisible"">https://</span><span class=""js-display-url"">youtu.be/SK0aFhkyka8</span><span class=""invisible""></span><span class=""tco-ellipsis""><span class=""invisible"">¬†</span></span></a></p>",['https://youtu.be/SK0aFhkyka8'],[],False,[],,4983,1156,305,True,False,,[]
ranaayyub,Rana Ayyub,268676434,1254362910350073856,/RanaAyyub/status/1254362910350073856,2020-04-26 10:53:17,1587898397,https://twitter.com/KhyatiShree_/status/1253964796291997697¬†‚Ä¶,"<p class=""TweetTextSize TweetTextSize--normal js-tweet-text tweet-text"" data-aria-label-part=""4"" lang=""und""><img alt=""üëá"" aria-label=""Emoji: Down pointing backhand index"" class=""Emoji Emoji--forText"" draggable=""false"" src=""https://abs.twimg.com/emoji/v2/72x72/1f447.png"" title=""Down pointing backhand index""/><a class=""twitter-timeline-link u-hidden"" data-expanded-url=""https://twitter.com/KhyatiShree_/status/1253964796291997697"" dir=""ltr"" href=""https://t.co/tiVHxhhdDj"" rel=""nofollow noopener"" target=""_blank"" title=""https://twitter.com/KhyatiShree_/status/1253964796291997697""><span class=""tco-ellipsis""></span><span class=""invisible"">https://</span><span class=""js-display-url"">twitter.com/KhyatiShree_/s</span><span class=""invisible"">tatus/1253964796291997697</span><span class=""tco-ellipsis""><span class=""invisible"">¬†</span>‚Ä¶</span></a></p>",['https://twitter.com/KhyatiShree_/status/1253964796291997697'],[],False,[],,2749,522,266,True,False,,[]
ranaayyub,Rana Ayyub,268676434,1254345395326480391,/RanaAyyub/status/1254345395326480391,2020-04-26 09:43:41,1587894221,Jab neki karne ki chah hoti hai na toh neki karne ki raah bhi hoti hai. Do not let COVID stop you from helping humanity.https://twitter.com/RanaAyyub/status/1254342708493086720¬†‚Ä¶,"<p class=""TweetTextSize TweetTextSize--normal js-tweet-text tweet-text"" data-aria-label-part=""4"" lang=""hi"">Jab neki karne ki chah hoti hai na toh neki karne ki raah bhi hoti hai. Do not let COVID stop you from helping humanity.<a class=""twitter-timeline-link u-hidden"" data-expanded-url=""https://twitter.com/RanaAyyub/status/1254342708493086720"" dir=""ltr"" href=""https://t.co/zkCFYJwPoJ"" rel=""nofollow noopener"" target=""_blank"" title=""https://twitter.com/RanaAyyub/status/1254342708493086720""><span class=""tco-ellipsis""></span><span class=""invisible"">https://</span><span class=""js-display-url"">twitter.com/RanaAyyub/stat</span><span class=""invisible"">us/1254342708493086720</span><span class=""tco-ellipsis""><span class=""invisible"">¬†</span>‚Ä¶</span></a></p>",['https://twitter.com/RanaAyyub/status/1254342708493086720'],[],False,[],,1597,231,100,True,False,,[]
ranaayyub,Rana Ayyub,268676434,1254342708493086720,/RanaAyyub/status/1254342708493086720,2020-04-26 09:33:00,1587893580,This Surf Excel advert of charity and good deeds in Ramzan at the time of Covid brought tears to my eyes. Watch ithttps://youtu.be/SK0aFhkyka8¬†,"<p class=""TweetTextSize TweetTextSize--normal js-tweet-text tweet-text"" data-aria-label-part=""0"" lang=""en"">This Surf Excel advert of charity and good deeds in Ramzan at the time of Covid brought tears to my eyes. Watch it<a class=""twitter-timeline-link u-hidden"" data-expanded-url=""https://youtu.be/SK0aFhkyka8"" dir=""ltr"" href=""https://t.co/j6IoMsQY1N"" rel=""nofollow noopener"" target=""_blank"" title=""https://youtu.be/SK0aFhkyka8""><span class=""tco-ellipsis""></span><span class=""invisible"">https://</span><span class=""js-display-url"">youtu.be/SK0aFhkyka8</span><span class=""invisible""></span><span class=""tco-ellipsis""><span class=""invisible"">¬†</span></span></a></p>",['https://youtu.be/SK0aFhkyka8'],[],False,[],,4983,1156,305,True,False,,[]
ranaayyub,Rana Ayyub,268676434,1254341425652785154,/RanaAyyub/status/1254341425652785154,2020-04-26 09:27:55,1587893275,"India, for instance, conducts just 335 tests per million population whereas the numbers for western countries are far higherhttps://theprint.in/health/why-south-asia-has-20-of-worlds-population-but-less-than-2-of-covid-19-cases/408471/¬†‚Ä¶","<p class=""TweetTextSize TweetTextSize--normal js-tweet-text tweet-text"" data-aria-label-part=""0"" lang=""en"">India, for instance, conducts just 335 tests per million population whereas the numbers for western countries are far higher<a class=""twitter-timeline-link u-hidden"" data-expanded-url=""https://theprint.in/health/why-south-asia-has-20-of-worlds-population-but-less-than-2-of-covid-19-cases/408471/"" dir=""ltr"" href=""https://t.co/FiaHrbpOZU"" rel=""nofollow noopener"" target=""_blank"" title=""https://theprint.in/health/why-south-asia-has-20-of-worlds-population-but-less-than-2-of-covid-19-cases/408471/""><span class=""tco-ellipsis""></span><span class=""invisible"">https://</span><span class=""js-display-url"">theprint.in/health/why-sou</span><span class=""invisible"">th-asia-has-20-of-worlds-population-but-less-than-2-of-covid-19-cases/408471/</span><span class=""tco-ellipsis""><span class=""invisible"">¬†</span>‚Ä¶</span></a></p>",['https://theprint.in/health/why-south-asia-has-20-of-worlds-population-but-less-than-2-of-covid-19-cases/408471/'],[],False,[],,813,165,135,True,False,,[]
ranaayyub,Rana Ayyub,268676434,1254340834880884736,/RanaAyyub/status/1254340834880884736,2020-04-26 09:25:34,1587893134,Five thousand positive cases in Mumbai so far. 250 from Dharavi alone. I remember when I went on my reporting trip to Dharavi four weeks ago I had written that we are staring at a big catastrophe in the slums with population of more than a million. Expecting a huge surge in cases,"<p class=""TweetTextSize TweetTextSize--normal js-tweet-text tweet-text"" data-aria-label-part=""0"" lang=""en"">Five thousand positive cases in Mumbai so far. 250 from Dharavi alone. I remember when I went on my reporting trip to Dharavi four weeks ago I had written that we are staring at a big catastrophe in the slums with population of more than a million. Expecting a huge surge in cases</p>",[],[],False,[],,3929,712,254,True,False,,[]
ranaayyub,Rana Ayyub,268676434,1254156540954783745,/RanaAyyub/status/1254156540954783745,2020-04-25 21:13:15,1587849195,A man is not a believer who fills his stomach while his neighbour is hungry:  Prophet Muhammad (S.A.W). Second Sehri of Ramzan,"<p class=""TweetTextSize TweetTextSize--normal js-tweet-text tweet-text"" data-aria-label-part=""0"" lang=""en"">A man is not a believer who fills his stomach while his neighbour is hungry:  Prophet Muhammad (S.A.W). Second Sehri of Ramzan</p>",[],[],False,[],,26258,4481,733,True,False,,[]
ranaayyub,Rana Ayyub,268676434,1254123734820163585,/RanaAyyub/status/1254123734820163585,2020-04-25 19:02:53,1587841373,"Dear @OfficeofUT @AUThackeray , Dharavi, sewri, antop hill need immediate help. We are all pitching in but it is time the state intervenes @mybmchttps://twitter.com/rahuldholakia/status/1254044527918067712¬†‚Ä¶","<p class=""TweetTextSize TweetTextSize--normal js-tweet-text tweet-text"" data-aria-label-part=""4"" lang=""en"">Dear <a class=""twitter-atreply pretty-link js-nav"" data-mentioned-user-id=""1144169755672113155"" dir=""ltr"" href=""/OfficeofUT""><s>@</s><b>OfficeofUT</b></a> <a class=""twitter-atreply pretty-link js-nav"" data-mentioned-user-id=""1606048885"" dir=""ltr"" href=""/AUThackeray""><s>@</s><b>AUThackeray</b></a> , Dharavi, sewri, antop hill need immediate help. We are all pitching in but it is time the state intervenes <a class=""twitter-atreply pretty-link js-nav"" data-mentioned-user-id=""1200214398"" dir=""ltr"" href=""/mybmc""><s>@</s><b>mybmc</b></a><a class=""twitter-timeline-link u-hidden"" data-expanded-url=""https://twitter.com/rahuldholakia/status/1254044527918067712"" dir=""ltr"" href=""https://t.co/Ma5nsxFDwf"" rel=""nofollow noopener"" target=""_blank"" title=""https://twitter.com/rahuldholakia/status/1254044527918067712""><span class=""tco-ellipsis""></span><span class=""invisible"">https://</span><span class=""js-display-url"">twitter.com/rahuldholakia/</span><span class=""invisible"">status/1254044527918067712</span><span class=""tco-ellipsis""><span class=""invisible"">¬†</span>‚Ä¶</span></a></p>",['https://twitter.com/rahuldholakia/status/1254044527918067712'],[],False,[],,1401,321,45,True,False,,[]
ranaayyub,Rana Ayyub,268676434,1253965090153472000,/RanaAyyub/status/1253965090153472000,2020-04-25 08:32:29,1587803549,WTFhttps://twitter.com/ndtv/status/1253652833926172672¬†‚Ä¶,"<p class=""TweetTextSize TweetTextSize--normal js-tweet-text tweet-text"" data-aria-label-part=""4"" lang=""und"">WTF<a class=""twitter-timeline-link u-hidden"" data-expanded-url=""https://twitter.com/ndtv/status/1253652833926172672"" dir=""ltr"" href=""https://t.co/o4RJ8sR3wg"" rel=""nofollow noopener"" target=""_blank"" title=""https://twitter.com/ndtv/status/1253652833926172672""><span class=""tco-ellipsis""></span><span class=""invisible"">https://</span><span class=""js-display-url"">twitter.com/ndtv/status/12</span><span class=""invisible"">53652833926172672</span><span class=""tco-ellipsis""><span class=""invisible"">¬†</span>‚Ä¶</span></a></p>",['https://twitter.com/ndtv/status/1253652833926172672'],[],False,[],,9224,1827,1249,True,False,,[]
ranaayyub,Rana Ayyub,268676434,1253814101572235265,/RanaAyyub/status/1253814101572235265,2020-04-24 22:32:31,1587767551,First sehri of the month ,"<p class=""TweetTextSize TweetTextSize--normal js-tweet-text tweet-text"" data-aria-label-part=""0"" lang=""en"">First sehri of the month <img alt=""‚ô•Ô∏è"" aria-label=""Emoji: Heart suit"" class=""Emoji Emoji--forText"" draggable=""false"" src=""https://abs.twimg.com/emoji/v2/72x72/2665.png"" title=""Heart suit""/></p>",[],[],False,[],,29346,1674,899,True,False,,[]
ranaayyub,Rana Ayyub,268676434,1253618408895074304,/RanaAyyub/status/1253618408895074304,2020-04-24 09:34:54,1587720894,"Been reporting from Dharavi, Ghansoli, Bhiwandi the last few days and the stories are traumatic . This woman is 5 months pregnant. She is surviving on one banana a day. Her husband use to clean the sewage tanks for BMC. Now they do not have a pennypic.twitter.com/TNMlfU4O8B","<p class=""TweetTextSize TweetTextSize--normal js-tweet-text tweet-text"" data-aria-label-part=""0"" lang=""en"">Been reporting from Dharavi, Ghansoli, Bhiwandi the last few days and the stories are traumatic . This woman is 5 months pregnant. She is surviving on one banana a day. Her husband use to clean the sewage tanks for BMC. Now they do not have a penny<a class=""twitter-timeline-link u-hidden"" data-pre-embedded=""true"" dir=""ltr"" href=""https://t.co/TNMlfU4O8B"">pic.twitter.com/TNMlfU4O8B</a></p>",[],[],True,['https://pbs.twimg.com/media/EWW_SF3XYAIwv5I.jpg'],,5692,1818,555,True,False,,[]
ranaayyub,Rana Ayyub,268676434,1253619598416478208,/RanaAyyub/status/1253619598416478208,2020-04-24 09:39:38,1587721178,"This family has not had a meal in two days. When they go out to beg, cops beat them with sticks. The wife is diabeticpic.twitter.com/SyHqG1QWUU","<p class=""TweetTextSize TweetTextSize--normal js-tweet-text tweet-text"" data-aria-label-part=""0"" lang=""en"">This family has not had a meal in two days. When they go out to beg, cops beat them with sticks. The wife is diabetic<a class=""twitter-timeline-link u-hidden"" data-pre-embedded=""true"" dir=""ltr"" href=""https://t.co/SyHqG1QWUU"">pic.twitter.com/SyHqG1QWUU</a></p>",[],[],True,['https://pbs.twimg.com/media/EWXAX4vXkAE17FD.jpg'],,7127,1998,644,True,False,,[]
ranaayyub,Rana Ayyub,268676434,1253692062534373376,/RanaAyyub/status/1253692062534373376,2020-04-24 14:27:34,1587738454,"Ramzan Mubarak. Fellow Muslims, this is the month of compassion, empathy,humanity. It is a crucial time for the world, make sure your neighbour does not sleep on an empty stomach. Please stay indoors, be kind and considerate to the country and to the worldpic.twitter.com/hYTOM6FAIv","<p class=""TweetTextSize TweetTextSize--normal js-tweet-text tweet-text"" data-aria-label-part=""0"" lang=""en"">Ramzan Mubarak. Fellow Muslims, this is the month of compassion, empathy,humanity. It is a crucial time for the world, make sure your neighbour does not sleep on an empty stomach. Please stay indoors, be kind and considerate to the country and to the world<a class=""twitter-timeline-link u-hidden"" data-pre-embedded=""true"" dir=""ltr"" href=""https://t.co/hYTOM6FAIv"">pic.twitter.com/hYTOM6FAIv</a></p>",[],[],True,['https://pbs.twimg.com/media/EWYCRzoXQAADohL.jpg'],,10359,1268,498,True,False,,[]
ranaayyub,Rana Ayyub,268676434,1253619598416478208,/RanaAyyub/status/1253619598416478208,2020-04-24 09:39:38,1587721178,"This family has not had a meal in two days. When they go out to beg, cops beat them with sticks. The wife is diabeticpic.twitter.com/SyHqG1QWUU","<p class=""TweetTextSize TweetTextSize--normal js-tweet-text tweet-text"" data-aria-label-part=""0"" lang=""en"">This family has not had a meal in two days. When they go out to beg, cops beat them with sticks. The wife is diabetic<a class=""twitter-timeline-link u-hidden"" data-pre-embedded=""true"" dir=""ltr"" href=""https://t.co/SyHqG1QWUU"">pic.twitter.com/SyHqG1QWUU</a></p>",[],[],True,['https://pbs.twimg.com/media/EWXAX4vXkAE17FD.jpg'],,7127,1998,644,True,False,,[]
ranaayyub,Rana Ayyub,268676434,1253618408895074304,/RanaAyyub/status/1253618408895074304,2020-04-24 09:34:54,1587720894,"Been reporting from Dharavi, Ghansoli, Bhiwandi the last few days and the stories are traumatic . This woman is 5 months pregnant. She is surviving on one banana a day. Her husband use to clean the sewage tanks for BMC. Now they do not have a pennypic.twitter.com/TNMlfU4O8B","<p class=""TweetTextSize TweetTextSize--normal js-tweet-text tweet-text"" data-aria-label-part=""0"" lang=""en"">Been reporting from Dharavi, Ghansoli, Bhiwandi the last few days and the stories are traumatic . This woman is 5 months pregnant. She is surviving on one banana a day. Her husband use to clean the sewage tanks for BMC. Now they do not have a penny<a class=""twitter-timeline-link u-hidden"" data-pre-embedded=""true"" dir=""ltr"" href=""https://t.co/TNMlfU4O8B"">pic.twitter.com/TNMlfU4O8B</a></p>",[],[],True,['https://pbs.twimg.com/media/EWW_SF3XYAIwv5I.jpg'],,5692,1818,555,True,False,,[]
ranaayyub,Rana Ayyub,268676434,1253600057036886016,/RanaAyyub/status/1253600057036886016,2020-04-24 08:21:59,1587716519,Kashmiri journalists are the BRAVESTpic.twitter.com/W65DXQ3maf,"<p class=""TweetTextSize TweetTextSize--normal js-tweet-text tweet-text"" data-aria-label-part=""0"" lang=""en"">Kashmiri journalists are the BRAVEST<a class=""twitter-timeline-link u-hidden"" data-pre-embedded=""true"" dir=""ltr"" href=""https://t.co/W65DXQ3maf"">pic.twitter.com/W65DXQ3maf</a></p>",[],[],True,['https://pbs.twimg.com/media/EWWump-XsAAnFhs.jpg'],,7769,2211,466,True,False,,[]
ranaayyub,Rana Ayyub,268676434,1253593322691665920,/RanaAyyub/status/1253593322691665920,2020-04-24 07:55:13,1587714913,Journalists in Jammu and Kashmir have always faced more curbs than their counterparts elsewhere ‚Äî security is the perfect alibi for all governments to clamp down on dissent. But the latest decision is a new low even by that worrisome yardstickhttps://indianexpress.com/article/opinion/editorials/unfreedom-of-press-6373053/lite/?__twitter_impression=true¬†‚Ä¶,"<p class=""TweetTextSize TweetTextSize--normal js-tweet-text tweet-text"" data-aria-label-part=""0"" lang=""en"">Journalists in Jammu and Kashmir have always faced more curbs than their counterparts elsewhere ‚Äî security is the perfect alibi for all governments to clamp down on dissent. But the latest decision is a new low even by that worrisome yardstick<a class=""twitter-timeline-link u-hidden"" data-expanded-url=""https://indianexpress.com/article/opinion/editorials/unfreedom-of-press-6373053/lite/?__twitter_impression=true"" dir=""ltr"" href=""https://t.co/sGVTPD5rsJ"" rel=""nofollow noopener"" target=""_blank"" title=""https://indianexpress.com/article/opinion/editorials/unfreedom-of-press-6373053/lite/?__twitter_impression=true""><span class=""tco-ellipsis""></span><span class=""invisible"">https://</span><span class=""js-display-url"">indianexpress.com/article/opinio</span><span class=""invisible"">n/editorials/unfreedom-of-press-6373053/lite/?__twitter_impression=true</span><span class=""tco-ellipsis""><span class=""invisible"">¬†</span>‚Ä¶</span></a></p>",['https://indianexpress.com/article/opinion/editorials/unfreedom-of-press-6373053/lite/?__twitter_impression=true'],[],False,[],,915,238,89,True,False,,[]
ranaayyub,Rana Ayyub,268676434,1253582774377816066,/RanaAyyub/status/1253582774377816066,2020-04-24 07:13:18,1587712398,Getting these text messages from Vodafone. What fresh propaganda is this ?pic.twitter.com/KE6C9cnK7i,"<p class=""TweetTextSize TweetTextSize--normal js-tweet-text tweet-text"" data-aria-label-part=""0"" lang=""en"">Getting these text messages from Vodafone. What fresh propaganda is this ?<a class=""twitter-timeline-link u-hidden"" data-pre-embedded=""true"" dir=""ltr"" href=""https://t.co/KE6C9cnK7i"">pic.twitter.com/KE6C9cnK7i</a></p>",[],[],True,['https://pbs.twimg.com/media/EWWe4PxXkAE_IVT.jpg'],,7577,2132,1171,True,False,,[]
ranaayyub,Rana Ayyub,268676434,1253576342093922304,/RanaAyyub/status/1253576342093922304,2020-04-24 06:47:44,1587710864,https://twitter.com/NasirKhuehami/status/1253571236073963520¬†‚Ä¶,"<p class=""TweetTextSize TweetTextSize--normal js-tweet-text tweet-text"" data-aria-label-part=""4"" lang=""und""><img alt=""üôè"" aria-label=""Emoji: Folded hands"" class=""Emoji Emoji--forText"" draggable=""false"" src=""https://abs.twimg.com/emoji/v2/72x72/1f64f.png"" title=""Folded hands""/><a class=""twitter-timeline-link u-hidden"" data-expanded-url=""https://twitter.com/NasirKhuehami/status/1253571236073963520"" dir=""ltr"" href=""https://t.co/zTs8DZa4dj"" rel=""nofollow noopener"" target=""_blank"" title=""https://twitter.com/NasirKhuehami/status/1253571236073963520""><span class=""tco-ellipsis""></span><span class=""invisible"">https://</span><span class=""js-display-url"">twitter.com/NasirKhuehami/</span><span class=""invisible"">status/1253571236073963520</span><span class=""tco-ellipsis""><span class=""invisible"">¬†</span>‚Ä¶</span></a></p>",['https://twitter.com/NasirKhuehami/status/1253571236073963520'],[],False,[],,516,41,32,True,False,,[]
ranaayyub,Rana Ayyub,268676434,1253567176822358018,/RanaAyyub/status/1253567176822358018,2020-04-24 06:11:19,1587708679,Ramadan in the time of a pandemic. We will make the best out of it. @WajahatAlihttps://www.nytimes.com/2020/04/23/opinion/coronavirus-ramadan-iftar.html?smtyp=cur&smid=tw-nytopinion¬†‚Ä¶,"<p class=""TweetTextSize TweetTextSize--normal js-tweet-text tweet-text"" data-aria-label-part=""0"" lang=""en"">Ramadan in the time of a pandemic. We will make the best out of it. <a class=""twitter-atreply pretty-link js-nav"" data-mentioned-user-id=""21733692"" dir=""ltr"" href=""/WajahatAli""><s>@</s><b>WajahatAli</b></a><a class=""twitter-timeline-link u-hidden"" data-expanded-url=""https://www.nytimes.com/2020/04/23/opinion/coronavirus-ramadan-iftar.html?smtyp=cur&amp;smid=tw-nytopinion"" dir=""ltr"" href=""https://t.co/DonTZim72O"" rel=""nofollow noopener"" target=""_blank"" title=""https://www.nytimes.com/2020/04/23/opinion/coronavirus-ramadan-iftar.html?smtyp=cur&amp;smid=tw-nytopinion""><span class=""tco-ellipsis""></span><span class=""invisible"">https://www.</span><span class=""js-display-url"">nytimes.com/2020/04/23/opi</span><span class=""invisible"">nion/coronavirus-ramadan-iftar.html?smtyp=cur&amp;smid=tw-nytopinion</span><span class=""tco-ellipsis""><span class=""invisible"">¬†</span>‚Ä¶</span></a></p>",['https://www.nytimes.com/2020/04/23/opinion/coronavirus-ramadan-iftar.html?smtyp=cur&smid=tw-nytopinion'],[],False,[],,1779,223,90,True,False,,[]
ranaayyub,Rana Ayyub,268676434,1253566643474702338,/RanaAyyub/status/1253566643474702338,2020-04-24 06:09:12,1587708552,https://twitter.com/TarriPoha/status/1253563116035555328¬†‚Ä¶,"<p class=""TweetTextSize TweetTextSize--normal js-tweet-text tweet-text"" data-aria-label-part=""4"" lang=""und""><img alt=""üôè"" aria-label=""Emoji: Folded hands"" class=""Emoji Emoji--forText"" draggable=""false"" src=""https://abs.twimg.com/emoji/v2/72x72/1f64f.png"" title=""Folded hands""/><a class=""twitter-timeline-link u-hidden"" data-expanded-url=""https://twitter.com/TarriPoha/status/1253563116035555328"" dir=""ltr"" href=""https://t.co/wGXyvHxbvj"" rel=""nofollow noopener"" target=""_blank"" title=""https://twitter.com/TarriPoha/status/1253563116035555328""><span class=""tco-ellipsis""></span><span class=""invisible"">https://</span><span class=""js-display-url"">twitter.com/TarriPoha/stat</span><span class=""invisible"">us/1253563116035555328</span><span class=""tco-ellipsis""><span class=""invisible"">¬†</span>‚Ä¶</span></a></p>",['https://twitter.com/TarriPoha/status/1253563116035555328'],[],False,[],,401,32,42,True,False,,[]
ranaayyub,Rana Ayyub,268676434,1253563019646447621,/RanaAyyub/status/1253563019646447621,2020-04-24 05:54:48,1587707688,Cherishing my bed tea today. You will be missed the next one month.,"<p class=""TweetTextSize TweetTextSize--normal js-tweet-text tweet-text"" data-aria-label-part=""0"" lang=""en"">Cherishing my bed tea today. You will be missed the next one month.</p>",[],[],False,[],,3856,193,183,True,False,,[]
ranaayyub,Rana Ayyub,268676434,1253562538987606016,/RanaAyyub/status/1253562538987606016,2020-04-24 05:52:54,1587707574,Shukriyahttps://twitter.com/mirzabaigmkb/status/1253561937566347264¬†‚Ä¶,"<p class=""TweetTextSize TweetTextSize--normal js-tweet-text tweet-text"" data-aria-label-part=""4"" lang=""hi"">Shukriya<a class=""twitter-timeline-link u-hidden"" data-expanded-url=""https://twitter.com/mirzabaigmkb/status/1253561937566347264"" dir=""ltr"" href=""https://t.co/60jkk8kIwj"" rel=""nofollow noopener"" target=""_blank"" title=""https://twitter.com/mirzabaigmkb/status/1253561937566347264""><span class=""tco-ellipsis""></span><span class=""invisible"">https://</span><span class=""js-display-url"">twitter.com/mirzabaigmkb/s</span><span class=""invisible"">tatus/1253561937566347264</span><span class=""tco-ellipsis""><span class=""invisible"">¬†</span>‚Ä¶</span></a></p>",['https://twitter.com/mirzabaigmkb/status/1253561937566347264'],[],False,[],,612,47,27,True,False,,[]
ranaayyub,Rana Ayyub,268676434,1253559415921422336,/RanaAyyub/status/1253559415921422336,2020-04-24 05:40:29,1587706829,One million. Thank you,"<p class=""TweetTextSize TweetTextSize--normal js-tweet-text tweet-text"" data-aria-label-part=""0"" lang=""en"">One million. Thank you</p>",[],[],False,[],,23301,1331,1711,True,False,,[]
ranaayyub,Rana Ayyub,268676434,1253342817025503233,/RanaAyyub/status/1253342817025503233,2020-04-23 15:19:48,1587655188,https://twitter.com/SusrutoM/status/1253067150148935683¬†‚Ä¶,"<p class=""TweetTextSize TweetTextSize--normal js-tweet-text tweet-text"" data-aria-label-part=""4"" lang=""und""><img alt=""üôè"" aria-label=""Emoji: Folded hands"" class=""Emoji Emoji--forText"" draggable=""false"" src=""https://abs.twimg.com/emoji/v2/72x72/1f64f.png"" title=""Folded hands""/><a class=""twitter-timeline-link u-hidden"" data-expanded-url=""https://twitter.com/SusrutoM/status/1253067150148935683"" dir=""ltr"" href=""https://t.co/KPYGgkv7wb"" rel=""nofollow noopener"" target=""_blank"" title=""https://twitter.com/SusrutoM/status/1253067150148935683""><span class=""tco-ellipsis""></span><span class=""invisible"">https://</span><span class=""js-display-url"">twitter.com/SusrutoM/statu</span><span class=""invisible"">s/1253067150148935683</span><span class=""tco-ellipsis""><span class=""invisible"">¬†</span>‚Ä¶</span></a></p>",['https://twitter.com/SusrutoM/status/1253067150148935683'],[],False,[],,2423,330,188,True,False,,[]
ranaayyub,Rana Ayyub,268676434,1253296977934266370,/RanaAyyub/status/1253296977934266370,2020-04-23 12:17:39,1587644259,"Thane Man Allegedly Refuses To Take Delivery From Muslim Man, Arrested.https://www.ndtv.com/cities/thane-man-allegedly-refuses-to-take-delivery-from-muslim-man-arrested-2216629?amp=1&akamai-rum=off&__twitter_impression=true¬†‚Ä¶","<p class=""TweetTextSize TweetTextSize--normal js-tweet-text tweet-text"" data-aria-label-part=""0"" lang=""en"">Thane Man Allegedly Refuses To Take Delivery From Muslim Man, Arrested.<a class=""twitter-timeline-link u-hidden"" data-expanded-url=""https://www.ndtv.com/cities/thane-man-allegedly-refuses-to-take-delivery-from-muslim-man-arrested-2216629?amp=1&amp;akamai-rum=off&amp;__twitter_impression=true"" dir=""ltr"" href=""https://t.co/F5TI8UNKnb"" rel=""nofollow noopener"" target=""_blank"" title=""https://www.ndtv.com/cities/thane-man-allegedly-refuses-to-take-delivery-from-muslim-man-arrested-2216629?amp=1&amp;akamai-rum=off&amp;__twitter_impression=true""><span class=""tco-ellipsis""></span><span class=""invisible"">https://www.</span><span class=""js-display-url"">ndtv.com/cities/thane-m</span><span class=""invisible"">an-allegedly-refuses-to-take-delivery-from-muslim-man-arrested-2216629?amp=1&amp;akamai-rum=off&amp;__twitter_impression=true</span><span class=""tco-ellipsis""><span class=""invisible"">¬†</span>‚Ä¶</span></a></p>",['https://www.ndtv.com/cities/thane-man-allegedly-refuses-to-take-delivery-from-muslim-man-arrested-2216629?amp=1&akamai-rum=off&__twitter_impression=true'],[],False,[],,5179,1262,581,True,False,,[]
ranaayyub,Rana Ayyub,268676434,1253263510957707265,/RanaAyyub/status/1253263510957707265,2020-04-23 10:04:40,1587636280,"This alleged journalist uses his platform to enable hate and carnage of minorities, disseminates fake news, emboldens the attack on critics and dissenters. He has the state at his disposal to defend him. I as a journalist have neither sympathy nor solidarity to extend.","<p class=""TweetTextSize TweetTextSize--normal js-tweet-text tweet-text"" data-aria-label-part=""0"" lang=""en"">This alleged journalist uses his platform to enable hate and carnage of minorities, disseminates fake news, emboldens the attack on critics and dissenters. He has the state at his disposal to defend him. I as a journalist have neither sympathy nor solidarity to extend.</p>",[],[],False,[],,9662,2055,1729,True,False,,[]
ranaayyub,Rana Ayyub,268676434,1253253716678897664,/RanaAyyub/status/1253253716678897664,2020-04-23 09:25:45,1587633945,Age 26. My safehouse in Gujarat through the many investigations and exposes.pic.twitter.com/XQRG3FWadB,"<p class=""TweetTextSize TweetTextSize--normal js-tweet-text tweet-text"" data-aria-label-part=""0"" lang=""en"">Age 26. My safehouse in Gujarat through the many investigations and exposes.<a class=""twitter-timeline-link u-hidden"" data-pre-embedded=""true"" dir=""ltr"" href=""https://t.co/XQRG3FWadB"">pic.twitter.com/XQRG3FWadB</a></p>",[],[],True,['https://pbs.twimg.com/media/EWRzmxnWsAATscE.jpg'],,13438,1072,1474,True,False,,[]
ranaayyub,Rana Ayyub,268676434,1253237285031759872,/RanaAyyub/status/1253237285031759872,2020-04-23 08:20:27,1587630027,"Dumped by Mumbai's upper middle and middle class, domestic workers survive on charity to stay afloat during COVID-19 lockdownhttps://www.firstpost.com/health/coronavirus-outbreak-dumped-by-mumbai-upper-middle-and-middle-class-domestic-workers-survive-on-charity-to-stay-afloat-during-covid-19-lockdown-8287141.html¬†‚Ä¶","<p class=""TweetTextSize TweetTextSize--normal js-tweet-text tweet-text"" data-aria-label-part=""0"" lang=""en"">Dumped by Mumbai's upper middle and middle class, domestic workers survive on charity to stay afloat during COVID-19 lockdown<a class=""twitter-timeline-link u-hidden"" data-expanded-url=""https://www.firstpost.com/health/coronavirus-outbreak-dumped-by-mumbai-upper-middle-and-middle-class-domestic-workers-survive-on-charity-to-stay-afloat-during-covid-19-lockdown-8287141.html"" dir=""ltr"" href=""https://t.co/iTC2Nu511q"" rel=""nofollow noopener"" target=""_blank"" title=""https://www.firstpost.com/health/coronavirus-outbreak-dumped-by-mumbai-upper-middle-and-middle-class-domestic-workers-survive-on-charity-to-stay-afloat-during-covid-19-lockdown-8287141.html""><span class=""tco-ellipsis""></span><span class=""invisible"">https://www.</span><span class=""js-display-url"">firstpost.com/health/coronav</span><span class=""invisible"">irus-outbreak-dumped-by-mumbai-upper-middle-and-middle-class-domestic-workers-survive-on-charity-to-stay-afloat-during-covid-19-lockdown-8287141.html</span><span class=""tco-ellipsis""><span class=""invisible"">¬†</span>‚Ä¶</span></a></p>",['https://www.firstpost.com/health/coronavirus-outbreak-dumped-by-mumbai-upper-middle-and-middle-class-domestic-workers-survive-on-charity-to-stay-afloat-during-covid-19-lockdown-8287141.html'],[],False,[],,721,176,73,True,False,,[]
ranaayyub,Rana Ayyub,268676434,1253236339593621510,/RanaAyyub/status/1253236339593621510,2020-04-23 08:16:42,1587629802,Have the other columnists at Hindustan Times registered their protest with the newspapers management ?https://twitter.com/Ram_Guha/status/1251722906297495553¬†‚Ä¶,"<p class=""TweetTextSize TweetTextSize--normal js-tweet-text tweet-text"" data-aria-label-part=""4"" lang=""en"">Have the other columnists at Hindustan Times registered their protest with the newspapers management ?<a class=""twitter-timeline-link u-hidden"" data-expanded-url=""https://twitter.com/Ram_Guha/status/1251722906297495553"" dir=""ltr"" href=""https://t.co/1BdNAyylUA"" rel=""nofollow noopener"" target=""_blank"" title=""https://twitter.com/Ram_Guha/status/1251722906297495553""><span class=""tco-ellipsis""></span><span class=""invisible"">https://</span><span class=""js-display-url"">twitter.com/Ram_Guha/statu</span><span class=""invisible"">s/1251722906297495553</span><span class=""tco-ellipsis""><span class=""invisible"">¬†</span>‚Ä¶</span></a></p>",['https://twitter.com/Ram_Guha/status/1251722906297495553'],[],False,[],,529,98,31,True,False,,[]
ranaayyub,Rana Ayyub,268676434,1253235560044548096,/RanaAyyub/status/1253235560044548096,2020-04-23 08:13:36,1587629616,"Hum hi par hamla karke, hum hi ko hamlavar bataana, sab yaad rakha jaayega, sab kuch yaad rakha jaayega","<p class=""TweetTextSize TweetTextSize--normal js-tweet-text tweet-text"" data-aria-label-part=""0"" lang=""hi"">Hum hi par hamla karke, hum hi ko hamlavar bataana, sab yaad rakha jaayega, sab kuch yaad rakha jaayega</p>",[],[],False,[],,37088,6733,6951,True,False,,[]
ranaayyub,Rana Ayyub,268676434,1253229254541824000,/RanaAyyub/status/1253229254541824000,2020-04-23 07:48:32,1587628112,And many other unsung journalists in the country.https://twitter.com/atti_cus/status/1253222754058293249¬†‚Ä¶,"<p class=""TweetTextSize TweetTextSize--normal js-tweet-text tweet-text"" data-aria-label-part=""4"" lang=""en"">And many other unsung journalists in the country.<a class=""twitter-timeline-link u-hidden"" data-expanded-url=""https://twitter.com/atti_cus/status/1253222754058293249"" dir=""ltr"" href=""https://t.co/XpQtfD83nr"" rel=""nofollow noopener"" target=""_blank"" title=""https://twitter.com/atti_cus/status/1253222754058293249""><span class=""tco-ellipsis""></span><span class=""invisible"">https://</span><span class=""js-display-url"">twitter.com/atti_cus/statu</span><span class=""invisible"">s/1253222754058293249</span><span class=""tco-ellipsis""><span class=""invisible"">¬†</span>‚Ä¶</span></a></p>",['https://twitter.com/atti_cus/status/1253222754058293249'],[],False,[],,1237,141,139,True,False,,[]
ranaayyub,Rana Ayyub,268676434,1253228299662307330,/RanaAyyub/status/1253228299662307330,2020-04-23 07:44:45,1587627885,"For all those prominent voices who are silent right now, please do not claim persecution when they come for you. From Ram Guha to Siddharth Varadarajan, this week has been a stark reminder of state intimidation. No wonder we stand at 142 in the press freedom index.https://twitter.com/RanaAyyub/status/1253219357477539843¬†‚Ä¶","<p class=""TweetTextSize TweetTextSize--normal js-tweet-text tweet-text"" data-aria-label-part=""4"" lang=""en"">For all those prominent voices who are silent right now, please do not claim persecution when they come for you. From Ram Guha to Siddharth Varadarajan, this week has been a stark reminder of state intimidation. No wonder we stand at 142 in the press freedom index.<a class=""twitter-timeline-link u-hidden"" data-expanded-url=""https://twitter.com/RanaAyyub/status/1253219357477539843"" dir=""ltr"" href=""https://t.co/pqa21SYXHu"" rel=""nofollow noopener"" target=""_blank"" title=""https://twitter.com/RanaAyyub/status/1253219357477539843""><span class=""tco-ellipsis""></span><span class=""invisible"">https://</span><span class=""js-display-url"">twitter.com/RanaAyyub/stat</span><span class=""invisible"">us/1253219357477539843</span><span class=""tco-ellipsis""><span class=""invisible"">¬†</span>‚Ä¶</span></a></p>",['https://twitter.com/RanaAyyub/status/1253219357477539843'],[],False,[],,1803,540,120,True,False,,[]
ranaayyub,Rana Ayyub,268676434,1253221981157277696,/RanaAyyub/status/1253221981157277696,2020-04-23 07:19:38,1587626378,While you slap terror charges on brave journalists from Kashmir.https://twitter.com/ANI/status/1253173316707209217¬†‚Ä¶,"<p class=""TweetTextSize TweetTextSize--normal js-tweet-text tweet-text"" data-aria-label-part=""4"" lang=""en"">While you slap terror charges on brave journalists from Kashmir.<a class=""twitter-timeline-link u-hidden"" data-expanded-url=""https://twitter.com/ANI/status/1253173316707209217"" dir=""ltr"" href=""https://t.co/U33IEES8DY"" rel=""nofollow noopener"" target=""_blank"" title=""https://twitter.com/ANI/status/1253173316707209217""><span class=""tco-ellipsis""></span><span class=""invisible"">https://</span><span class=""js-display-url"">twitter.com/ANI/status/125</span><span class=""invisible"">3173316707209217</span><span class=""tco-ellipsis""><span class=""invisible"">¬†</span>‚Ä¶</span></a></p>",['https://twitter.com/ANI/status/1253173316707209217'],[],False,[],,5882,1554,440,True,False,,[]
ranaayyub,Rana Ayyub,268676434,1253219357477539843,/RanaAyyub/status/1253219357477539843,2020-04-23 07:09:13,1587625753,"Masrat Zehra, Peerzada Aashiq, Gowhar Geelani, Umar Khalid, Meeran Haider, Safoora Zargar. WE STAND WITH YOU. These brave journalists, students and activists are our conscience keepers. We cannot afford to remain silent.","<p class=""TweetTextSize TweetTextSize--normal js-tweet-text tweet-text"" data-aria-label-part=""0"" lang=""en"">Masrat Zehra, Peerzada Aashiq, Gowhar Geelani, Umar Khalid, Meeran Haider, Safoora Zargar. WE STAND WITH YOU. These brave journalists, students and activists are our conscience keepers. We cannot afford to remain silent.</p>",[],[],False,[],,14719,4096,1017,True,False,,[]
ranaayyub,Rana Ayyub,268676434,1252994726346854403,/RanaAyyub/status/1252994726346854403,2020-04-22 16:16:36,1587572196,Pre-Ramzan dinner. Tharidpic.twitter.com/fxhbZiAKut,"<p class=""TweetTextSize TweetTextSize--normal js-tweet-text tweet-text"" data-aria-label-part=""0"" lang=""en"">Pre-Ramzan dinner. Tharid<a class=""twitter-timeline-link u-hidden"" data-pre-embedded=""true"" dir=""ltr"" href=""https://t.co/fxhbZiAKut"">pic.twitter.com/fxhbZiAKut</a></p>",[],[],True,['https://pbs.twimg.com/media/EWOIBioX0AA3ixB.jpg'],,8160,433,912,True,False,,[]
ranaayyub,Rana Ayyub,268676434,1252654918466441217,/RanaAyyub/status/1252654918466441217,2020-04-21 17:46:20,1587491180,Had trouble going live but the recording will be played soon. We spoke extensively on Kashmir and Islamophobiapic.twitter.com/xpEuv3JCOe,"<p class=""TweetTextSize TweetTextSize--normal js-tweet-text tweet-text"" data-aria-label-part=""0"" lang=""en"">Had trouble going live but the recording will be played soon. We spoke extensively on Kashmir and Islamophobia<a class=""twitter-timeline-link u-hidden"" data-pre-embedded=""true"" dir=""ltr"" href=""https://t.co/xpEuv3JCOe"">pic.twitter.com/xpEuv3JCOe</a></p>",[],[],True,['https://pbs.twimg.com/media/EWJTATAWoAYK4pj.jpg'],,6037,1135,620,True,False,,[]
ranaayyub,Rana Ayyub,268676434,1252816683472785410,/RanaAyyub/status/1252816683472785410,2020-04-22 04:29:08,1587529748,Snowden and I. Last eveningpic.twitter.com/J03j8o1Y4B,"<p class=""TweetTextSize TweetTextSize--normal js-tweet-text tweet-text"" data-aria-label-part=""0"" lang=""en"">Snowden and I. Last evening<a class=""twitter-timeline-link u-hidden"" data-pre-embedded=""true"" dir=""ltr"" href=""https://t.co/J03j8o1Y4B"">pic.twitter.com/J03j8o1Y4B</a></p>",[],[],True,['https://pbs.twimg.com/media/EWLmILwVcAc6Bbw.jpg'],,4651,442,315,True,False,,[]
ranaayyub,Rana Ayyub,268676434,1252894745094959105,/RanaAyyub/status/1252894745094959105,2020-04-22 09:39:19,1587548359,Ramadan in India begins day after ?,"<p class=""TweetTextSize TweetTextSize--normal js-tweet-text tweet-text"" data-aria-label-part=""0"" lang=""en"">Ramadan in India begins day after ?</p>",[],[],False,[],,13070,1009,1477,True,False,,[]
ranaayyub,Rana Ayyub,268676434,1252861681941663744,/RanaAyyub/status/1252861681941663744,2020-04-22 07:27:56,1587540476,This must be 'casual Islamophobia'https://twitter.com/radhikabordia/status/1252860268960288769¬†‚Ä¶,"<p class=""TweetTextSize TweetTextSize--normal js-tweet-text tweet-text"" data-aria-label-part=""4"" lang=""en"">This must be 'casual Islamophobia'<a class=""twitter-timeline-link u-hidden"" data-expanded-url=""https://twitter.com/radhikabordia/status/1252860268960288769"" dir=""ltr"" href=""https://t.co/0OcyUXQrGZ"" rel=""nofollow noopener"" target=""_blank"" title=""https://twitter.com/radhikabordia/status/1252860268960288769""><span class=""tco-ellipsis""></span><span class=""invisible"">https://</span><span class=""js-display-url"">twitter.com/radhikabordia/</span><span class=""invisible"">status/1252860268960288769</span><span class=""tco-ellipsis""><span class=""invisible"">¬†</span>‚Ä¶</span></a></p>",['https://twitter.com/radhikabordia/status/1252860268960288769'],[],False,[],,1653,355,178,True,False,,[]
ranaayyub,Rana Ayyub,268676434,1252860224068710404,/RanaAyyub/status/1252860224068710404,2020-04-22 07:22:09,1587540129,"Palghar lynching: Maharashtra home minister shares list of those arrested, says ‚Äònone are Muslims‚Äô

Anil Deshmukh said it was unfortunate that communal politics was being played following the incident.https://scroll.in/latest/959898/palghar-lynching-maharashtra-home-minister-shares-list-of-those-arrested-says-none-are-muslims¬†‚Ä¶","<p class=""TweetTextSize TweetTextSize--normal js-tweet-text tweet-text"" data-aria-label-part=""0"" lang=""en"">Palghar lynching: Maharashtra home minister shares list of those arrested, says ‚Äònone are Muslims‚Äô

Anil Deshmukh said it was unfortunate that communal politics was being played following the incident.<a class=""twitter-timeline-link u-hidden"" data-expanded-url=""https://scroll.in/latest/959898/palghar-lynching-maharashtra-home-minister-shares-list-of-those-arrested-says-none-are-muslims"" dir=""ltr"" href=""https://t.co/m8EAVxbgGR"" rel=""nofollow noopener"" target=""_blank"" title=""https://scroll.in/latest/959898/palghar-lynching-maharashtra-home-minister-shares-list-of-those-arrested-says-none-are-muslims""><span class=""tco-ellipsis""></span><span class=""invisible"">https://</span><span class=""js-display-url"">scroll.in/latest/959898/</span><span class=""invisible"">palghar-lynching-maharashtra-home-minister-shares-list-of-those-arrested-says-none-are-muslims</span><span class=""tco-ellipsis""><span class=""invisible"">¬†</span>‚Ä¶</span></a></p>",['https://scroll.in/latest/959898/palghar-lynching-maharashtra-home-minister-shares-list-of-those-arrested-says-none-are-muslims'],[],False,[],,5549,2041,430,True,False,,[]
ranaayyub,Rana Ayyub,268676434,1252848760704479235,/RanaAyyub/status/1252848760704479235,2020-04-22 06:36:36,1587537396,We Stand With Youpic.twitter.com/ZwQFUI7Uyu,"<p class=""TweetTextSize TweetTextSize--normal js-tweet-text tweet-text"" data-aria-label-part=""0"" lang=""en"">We Stand With You<a class=""twitter-timeline-link u-hidden"" data-pre-embedded=""true"" dir=""ltr"" href=""https://t.co/ZwQFUI7Uyu"">pic.twitter.com/ZwQFUI7Uyu</a></p>",[],[],True,['https://pbs.twimg.com/media/EWMDTaGUwAAuMq_.jpg'],,16562,5027,1440,True,False,,[]
ranaayyub,Rana Ayyub,268676434,1252816683472785410,/RanaAyyub/status/1252816683472785410,2020-04-22 04:29:08,1587529748,Snowden and I. Last eveningpic.twitter.com/J03j8o1Y4B,"<p class=""TweetTextSize TweetTextSize--normal js-tweet-text tweet-text"" data-aria-label-part=""0"" lang=""en"">Snowden and I. Last evening<a class=""twitter-timeline-link u-hidden"" data-pre-embedded=""true"" dir=""ltr"" href=""https://t.co/J03j8o1Y4B"">pic.twitter.com/J03j8o1Y4B</a></p>",[],[],True,['https://pbs.twimg.com/media/EWLmILwVcAc6Bbw.jpg'],,4651,442,315,True,False,,[]
ranaayyub,Rana Ayyub,268676434,1252665451181735938,/RanaAyyub/status/1252665451181735938,2020-04-21 18:28:11,1587493691,"While the world is dealing with the pandemic with empathy,  India is arresting students and activists under draconian terror laws for their activism at this crucial hourhttps://www.outlookindia.com/newsscroll/amp/delhi-violence-police-books-jamia-students-under-uapa/1810022?__twitter_impression=true¬†‚Ä¶","<p class=""TweetTextSize TweetTextSize--normal js-tweet-text tweet-text"" data-aria-label-part=""0"" lang=""en"">While the world is dealing with the pandemic with empathy,  India is arresting students and activists under draconian terror laws for their activism at this crucial hour<a class=""twitter-timeline-link u-hidden"" data-expanded-url=""https://www.outlookindia.com/newsscroll/amp/delhi-violence-police-books-jamia-students-under-uapa/1810022?__twitter_impression=true"" dir=""ltr"" href=""https://t.co/mapIw17IcX"" rel=""nofollow noopener"" target=""_blank"" title=""https://www.outlookindia.com/newsscroll/amp/delhi-violence-police-books-jamia-students-under-uapa/1810022?__twitter_impression=true""><span class=""tco-ellipsis""></span><span class=""invisible"">https://www.</span><span class=""js-display-url"">outlookindia.com/newsscroll/amp</span><span class=""invisible"">/delhi-violence-police-books-jamia-students-under-uapa/1810022?__twitter_impression=true</span><span class=""tco-ellipsis""><span class=""invisible"">¬†</span>‚Ä¶</span></a></p>",['https://www.outlookindia.com/newsscroll/amp/delhi-violence-police-books-jamia-students-under-uapa/1810022?__twitter_impression=true'],[],False,[],,4241,1697,739,True,False,,[]
ranaayyub,Rana Ayyub,268676434,1252798943802490882,/RanaAyyub/status/1252798943802490882,2020-04-22 03:18:38,1587525518,Islam's Prophet Muhammad's pandemic advice goes viral in 2020https://english.alaraby.co.uk/english/indepth/2020/4/20/islams-prophet-muhammads-pandemic-advice-goes-viral-in-2020¬†‚Ä¶,"<p class=""TweetTextSize TweetTextSize--normal js-tweet-text tweet-text"" data-aria-label-part=""0"" lang=""en"">Islam's Prophet Muhammad's pandemic advice goes viral in 2020<a class=""twitter-timeline-link u-hidden"" data-expanded-url=""https://english.alaraby.co.uk/english/indepth/2020/4/20/islams-prophet-muhammads-pandemic-advice-goes-viral-in-2020"" dir=""ltr"" href=""https://t.co/SHJYOSmHQh"" rel=""nofollow noopener"" target=""_blank"" title=""https://english.alaraby.co.uk/english/indepth/2020/4/20/islams-prophet-muhammads-pandemic-advice-goes-viral-in-2020""><span class=""tco-ellipsis""></span><span class=""invisible"">https://</span><span class=""js-display-url"">english.alaraby.co.uk/english/indept</span><span class=""invisible"">h/2020/4/20/islams-prophet-muhammads-pandemic-advice-goes-viral-in-2020</span><span class=""tco-ellipsis""><span class=""invisible"">¬†</span>‚Ä¶</span></a></p>",['https://english.alaraby.co.uk/english/indepth/2020/4/20/islams-prophet-muhammads-pandemic-advice-goes-viral-in-2020'],[],False,[],,11346,3742,617,True,False,,[]
